273,155.8409
272.0001,155.8406
271.0002,155.8397
270.0004,155.8378
269.0007,155.8345
268.0009,155.8295
267.0012,155.8231
266.0014,155.8157
265.0014,155.8078
264.0014,155.8002
263.0012,155.7935
262.0008,155.7885
261.0004,155.7855
260.0001,155.7844
259.0001,155.7841
258.0002,155.7834
257.0005,155.7816
256.0007,155.7786
255.0009,155.7745
254.001,155.7699
253.0011,155.7648
252.0013,155.7591
251.0015,155.7525
250.0018,155.745
249.0019,155.7366
248.0019,155.7284
247.0014,155.7217
246.0005,155.7179
244.9996,155.7178
243.9991,155.7203
242.9992,155.7237
241.9997,155.726
241.0001,155.7266
240.0003,155.7258
239.0005,155.724
238.0008,155.7213
237.0012,155.7173
236.0015,155.7122
235.0013,155.707
234.0008,155.703
233.0003,155.7009
231.9999,155.7003
230.9998,155.7006
229.9997,155.701
229,155.7008
228.0007,155.6988
227.0015,155.6945
226.0018,155.6884
225.0016,155.6821
224.0011,155.6769
223.0009,155.6725
222.001,155.6683
221.0012,155.6638
220.0012,155.6592
219.0012,155.655
218.001,155.6519
217.0004,155.6506
215.9995,155.6522
214.9986,155.6568
213.998,155.6639
212.9978,155.6723
211.9975,155.6813
210.9968,155.6919
209.9958,155.7057
208.995,155.7233
207.9949,155.7439
206.9955,155.7649
205.9964,155.7841
204.9972,155.8008
203.9976,155.8153
202.9978,155.8287
201.998,155.8415
200.9983,155.8535
199.9985,155.8647
198.9988,155.8748
197.9989,155.8842
196.9991,155.8931
195.9992,155.9014
194.9993,155.9089
193.9995,155.9156
192.9995,155.922
191.9995,155.929
190.9994,155.9382
189.9993,155.9508
188.9994,155.9682
187.9998,155.9908
187.0005,156.0178
186.0014,156.0469
185.002,156.0748
184.0019,156.0976
183.0012,156.1129
182.0004,156.1203
180.9999,156.122
180,156.1221
179.0009,156.1266
178.0029,156.1414
177.006,156.1697
176.0094,156.2097
175.0114,156.2546
174.0105,156.2958
173.0076,156.3268
172.0047,156.3468
171.0035,156.3599
170.0044,156.3721
169.0067,156.3884
167.9857,156.4043
166.9842,156.4362
165.9841,156.4712
164.9848,156.5074
163.9852,156.5449
162.9851,156.5854
161.985,156.6302
160.9862,156.678
159.9888,156.7247
158.992,156.7655
157.9945,156.7985
156.996,156.8248
155.9967,156.8477
154.9971,156.8696
153.9976,156.8915
152.9981,156.9129
151.9987,156.9335
150.9991,156.9533
149.9995,156.973
148.9999,156.9935
148.0004,157.016
147.0011,157.0412
146.002,157.0693
145.0031,157.0996
144.0043,157.1318
143.0059,157.1666
142.0081,157.2048
141.0105,157.2466
140.0124,157.2904
139.0139,157.3347
138.016,157.38
136.9731,157.4272
135.9719,157.4903
134.9719,157.5609
133.9743,157.6376
132.9786,157.7175
131.9841,157.7986
130.9901,157.8816
129.9972,157.9694
129.0067,158.0657
128.0196,158.173
127.0357,158.2928
125.9275,158.4394
124.9444,158.5946
123.9617,158.7492
122.9848,158.9166
122.027,159.1163
120.8129,159.4738
119.9359,159.8611
119.1518,160.2593
118.699,160.5358
118.0273,161.0355
117.464,161.5368
116.9545,161.95
116.4416,162.4547
115.9348,162.9358
115.4699,163.4428
114.9612,163.965
114.4067,164.4909
114.0339,165.0279
113.5194,165.6238
113.158,166.1188
112.6816,166.772
112.3417,167.2365
111.8815,167.9217
111.1188,169.0728
110.6766,169.812
110.4223,170.238
109.9975,170.9987
109.5765,171.792
109.382,172.1802
109.0018,173.0008
108.4888,174.1925
108.1392,175.051
107.8265,175.9408
107.4097,177.1267
107.1289,178.0365
106.8786,178.9689
106.5893,180.1326
106.363,181.0705
106.1832,182.0301
106.0356,183.0049
105.9134,183.9904
105.8134,184.9839
105.735,185.9833
105.6777,186.9865
105.6398,187.991
105.6169,188.9945
105.6029,189.9963
105.5949,191.0052
105.5833,192.0056
105.5705,193.0058
105.5578,194.0051
105.5476,195.0032
105.5427,196.0003
105.5448,197.0022
105.5525,198.0042
105.5622,199.004
105.5697,200.0023
105.5738,201.0002
105.572,202.0022
105.5669,203.003
105.5606,204.0032
105.5542,205.0031
105.548,206.003
105.5423,207.0026
105.5379,208.0018
105.5353,209.0007
105.5348,209.9999
105.5348,211
105.5347,211.9997
105.5334,213.0007
105.5316,214.0011
105.5295,215.0011
105.528,216.0005
105.528,217.0002
105.529,218.0006
105.5307,219.0006
105.5319,220.0001
105.531,221.0006
105.5286,222.0015
105.5252,223.0017
105.5219,224.0013
105.5193,225.0007
105.5175,226.0004
105.5164,227.0001
105.5158,228
105.5154,229.0001
105.5154,230
105.5151,231.0002
105.5151,232.0005
105.5158,233.0009
105.5174,234.0012
105.5195,235.0011
105.5216,236.0009
105.5249,237.0019
105.5338,238.0056
105.5568,239.0134
105.6076,240.0247
105.7025,241.0341
105.8564,242.0269
106.078,242.9781
106.3787,243.8515
106.5359,244.2132
106.9777,245.0134
107.4271,245.6763
107.8276,246.1532
108.3094,246.6665
108.8837,247.148
109.3442,247.4857
110.0309,247.9465
110.8062,248.3772
111.197,248.5796
112.0143,248.968
112.8459,249.3459
113.215,249.5171
114.0397,249.9153
114.8448,250.3083
115.2503,250.5228
116.0212,250.9627
116.7473,251.408
117.1954,251.7011
117.885,252.1622
118.3699,252.5086
118.9868,253.0163
119.5292,253.5377
120.0467,253.95
120.5347,254.4642
121.0493,254.9541
121.4593,255.4713
121.9813,256.0152
122.488,256.6331
122.8351,257.1172
123.2969,257.8049
123.5928,258.2544
124.0391,258.9776
124.4805,259.7493
124.6922,260.1531
125.0773,260.9654
125.5919,262.1556
125.9196,263.0269
126.2021,263.9416
126.5272,265.1103
126.7485,266.0481
126.9162,267.0125
127.0407,267.9957
127.1241,268.9923
127.1658,269.9967
127.1647,271.0036
127.1207,272.0078
127.0341,273.0037
126.9046,273.9851
126.7292,274.9453
126.4364,276.1107
126.1646,277.0487
125.8786,277.9589
125.4059,279.1619
125.0361,280.0161
124.6494,280.8269
124.4395,281.226
124.0079,282.0044
123.5612,282.7305
123.275,283.1777
122.8167,283.8711
122.471,284.3524
121.9675,284.9737
121.4416,285.5132
121.0363,286.0338
120.5193,286.519
120.0351,287.0375
119.5122,287.5843
118.9788,287.9742
118.3701,288.4818
117.8823,288.8372
117.2028,289.3025
116.751,289.6068
116.0307,290.0531
115.2613,290.5005
114.8565,290.7085
114.0387,291.0884
112.8494,291.5908
111.9709,291.9096
111.0506,292.1826
109.8857,292.4879
108.9467,292.7001
107.9806,292.8572
106.9975,292.9761
106.0058,293.0697
105.0106,293.1479
104.0133,293.2157
103.0131,293.2723
102.0103,293.315
101.0064,293.343
100.0034,293.3589
99.00153,293.367
98.00047,293.3706
96.99973,293.3714
95.99914,293.3703
94.9987,293.3676
93.99845,293.3637
92.99837,293.359
91.99841,293.354
90.99854,293.3492
89.99876,293.345
88.99898,293.3416
87.99909,293.339
86.99899,293.3363
85.99859,293.3327
84.998,293.3275
83.99751,293.3205
82.99745,293.3125
81.99797,293.3051
80.99887,293.3001
79.99975,293.2979
79.00014,293.298
77.99989,293.2982
76.99916,293.2968
75.99849,293.293
74.99834,293.2877
73.99886,293.2829
72.99976,293.2805
72.00063,293.2811
71.00102,293.2838
70.00068,293.2867
68.99969,293.2872
67.99855,293.2841
66.99781,293.2775
65.9978,293.2696
64.99843,293.2625
63.99929,293.2581
62.99977,293.2561
61.99942,293.2541
60.99836,293.2493
59.99731,293.2403
58.99707,293.2284
57.99785,293.2173
56.99928,293.2107
56.00074,293.2107
55.00181,293.2166
54.00247,293.2265
53.00335,293.2398
52.00544,293.2589
51.00984,293.2888
50.0181,293.3365
48.95016,293.4098
47.94474,293.5334
46.95055,293.6881
45.97402,293.8708
45.01954,294.0809
44.09061,294.3266
42.90871,294.7153
42.0078,295.0221
40.79171,295.4849
39.94578,295.8772
39.12199,296.2535
38.71663,296.4388
37.94202,296.8933
37.18423,297.3168
36.74683,297.5841
36.03087,298.0479
35.36065,298.5284
34.8905,298.8463
34.23839,299.3167
33.7614,299.6984
33.15521,300.1852
32.65627,300.6136
32.11406,301.1205
31.6016,301.6051
31.12537,302.1168
30.62051,302.667
30.19635,303.1633
29.71126,303.7722
29.32897,304.249
28.85712,304.8973
28.53551,305.3717
28.05197,306.034
27.585,306.7436
27.31053,307.185
26.88044,307.9323
26.40641,308.6742
26.19764,309.1072
25.78066,309.8789
25.54428,310.3116
25.07251,311.0451
24.61224,311.7276
24.24943,312.1988
23.76393,312.7802
23.24905,313.2714
22.76058,313.706
22.12791,314.177
21.62956,314.5329
21.02757,315.0338
20.45929,315.5506
20.10249,316.0716
19.56276,317.1579
19.31746,318.0392
19.21004,319.007
19.18353,319.9994
19.18933,320.9971
19.20705,321.9956
19.232,322.9935
19.263,323.9912
19.29704,324.99
19.3288,325.9908
19.3532,326.9934
19.36851,327.9962
19.37762,328.9974
19.38608,329.9963
19.3984,330.994
19.4086,332.0096
19.43052,333.0097
19.45078,334.0085
19.46742,335.0068
19.48031,336.0053
19.4906,337.0043
19.50039,338.0043
19.51258,339.0058
19.52982,340.0082
19.55306,341.0102
19.58092,342.011
19.61036,343.0103
19.63798,344.0085
19.66123,345.0064
19.67898,346.0044
19.69099,347.0027
19.69667,348.0006
19.69445,348.998
19.68301,349.995
19.66325,350.9925
19.6394,351.9919
19.6178,352.9937
19.6038,353.997
19.59867,355
19.59874,356.0008
19.59758,356.999
19.59225,358.0063
19.57687,359.0091
19.55822,360.0089
19.54095,361.007
19.52744,362.0049
19.51786,363.0033
19.51176,364.0019
19.50914,365.0003
19.51024,366.001
19.51364,367.0017
19.51766,368.0014
19.52048,369.0005
19.52086,370.0002
19.51964,371.001
19.51735,372.0013
19.51506,373.0009
19.51328,374.0005
19.51179,375.0005
19.50998,376.0008
19.50765,377.001
19.50496,378.0011
19.50194,379.0012
19.49816,380.0017
19.49319,381.0023
19.48707,382.0028
19.48013,383.0032
19.47264,384.0034
19.4649,385.0034
19.45784,386.0027
19.45304,387.0013
19.4489,388.0003
19.45132,389.0019
19.45612,390.0024
19.46148,391.0022
19.46587,392.0015
19.46818,393.0005
19.4691,394.0011
19.46559,395.0024
19.45966,396.0032
19.45253,397.0033
19.44577,398.0027
19.4408,399.0016
19.43818,400.0006
19.43728,401.0002
19.43681,402.0004
19.43131,402.9997
19.43029,404
19.43469,405.0002
19.43439,406.0002
19.43209,407.0015
19.42607,408.0032
19.41736,409.0037
19.40971,410.0022
19.40668,410.9998
19.4007,412.0022
19.40606,413.0026
19.41013,414.0013
19.41758,415.0005
19.41523,416.0014
19.41089,417.0019
19.40534,418.0023
19.39913,419.0024
19.39217,420.0026
19.38221,421.0042
19.36396,422.008
19.33182,423.0127
19.28616,424.0146
19.23713,425.0116
19.20081,426.0055
19.19021,426.9991
19.20821,427.9931
19.24651,428.9887
19.2908,429.9876
19.32881,430.9899
19.35519,431.9934
19.37062,432.9964
19.37815,433.9986
19.38079,434.9998
19.38066,436.0004
19.37867,437.0009
19.37442,438.0019
19.36689,439.0033
19.35532,440.0047
19.3393,441.0061
19.31837,442.0074
19.29227,443.0083
19.26224,444.0082
19.23232,445.0067
19.20891,446.004
19.19838,447.0005
19.20369,447.9972
19.22212,448.9946
19.24563,449.9942
19.26403,450.9966
19.26963,452.0007
19.26076,453.0042
19.24186,454.0054
19.22076,455.0045
19.20566,456.0022
19.20277,456.9991
19.21469,457.9958
19.23952,458.9927
19.2711,459.9911
19.301,460.9921
19.3215,461.9957
19.32843,463.0003
19.32252,464.004
19.30846,465.0053
19.29257,466.0046
19.28018,467.0027
19.27381,468.0009
19.27268,468.9997
19.27376,469.9995
19.27381,471.0002
19.27106,472.0011
19.26568,473.0016
19.25914,474.0017
19.25292,475.0014
19.24762,476.0011
19.24271,477.0011
19.23707,478.0014
19.22979,479.0018
19.22059,480.0021
19.20967,481.0023
19.19734,482.0024
19.18415,483.0024
19.17138,484.002
19.16077,485.0014
19.15326,486.0009
19.14762,487.0007
19.14079,488.0011
19.13039,489.0016
19.11755,490.0016
19.10668,491.0009
19.10172,492.0001
19.10258,492.9996
19.10539,493.9997
19.1062,495.0001
19.10378,496.0004
19.09935,497.0005
19.09445,498.0005
19.08994,499.0004
19.08626,500.0003
19.0836,501.0002
19.08134,502.0002
19.07794,503.0003
19.07191,504.0005
19.0631,505.0006
19.05291,506.0005
19.04329,507.0004
19.03532,508.0002
19.02872,509.0002
19.02232,510.0002
19.01568,511.0001
19.00984,512.0001
19.00688,513
19.00827,513.9999
19.01387,514.9999
19.02211,515.9998
19.03104,516.9997
19.03918,517.9997
19.04589,518.9998
19.05131,519.9998
19.05587,520.9998
19.05974,521.9998
19.06251,522.9999
19.06381,524
19.06442,525
19.06659,525.9998
19.07255,526.9994
19.08227,527.999
19.09263,528.9991
19.09906,529.9996
19.09865,531.0004
19.09219,532.0009
19.08338,533.0008
19.07613,534.0004
19.07226,535.0001
19.07093,536
19.0698,537.0001
19.06665,538.0003
19.06083,539.0004
19.05377,540.0004
19.04839,541.0002
19.04747,541.9999
19.05184,542.9996
19.05967,543.9995
19.06748,544.9995
19.07202,545.9998
19.07161,547.0002
19.06654,548.0005
19.05841,549.0005
19.04911,550.0005
19.03989,551.0004
19.03113,552.0002
19.02263,553.0002
19.01423,554.0001
19.0062,555.0001
18.99899,556
18.9929,556.9999
18.98774,557.9999
18.98297,558.9999
18.97786,559.9999
18.97188,560.9998
18.96487,561.9998
18.95714,562.9996
18.94929,563.9996
18.94216,564.9996
18.93663,565.9997
18.93325,566.9999
18.93191,568
18.93183,569
18.93211,570
18.93215,571
18.93165,571.9999
18.9304,572.9999
18.92837,573.9998
18.9259,574.9998
18.92332,575.9998
18.92017,576.9998
18.91507,577.9995
18.90691,578.9991
18.89644,579.9988
18.8868,580.999
18.8823,581.9999
18.88575,583.0009
18.89651,584.0015
18.91106,585.0014
18.92541,586.001
18.93726,587.0006
18.94615,588.0004
18.95241,589.0002
18.95649,590.0001
18.95899,591.0001
18.9607,592.0001
18.9622,593.0001
18.96355,594.0001
18.96465,595.0001
18.96554,596
18.96623,597
18.96608,598
18.96387,598.9999
18.95877,599.9997
18.95118,600.9996
18.94274,601.9995
18.93536,602.9996
18.93015,603.9998
18.92699,604.9998
18.92501,605.9999
18.9231,606.9998
18.92043,607.9998
18.91697,608.9997
18.91366,609.9998
18.91216,611
18.91381,612.0003
18.91899,613.0005
18.92707,614.0007
18.93695,615.0007
18.94746,616.0005
18.95756,617.0004
18.96637,618.0002
18.97332,619.0002
18.97815,620.0001
18.9811,621.0001
18.98292,622
18.98476,623.0001
18.98771,624.0001
18.99232,625.0001
18.99851,626
19.00583,626.9999
19.01351,627.9999
19.02017,628.9999
19.02375,629.9999
19.02235,631.0001
19.01535,632.0001
19.0033,633.0001
18.9865,633.9998
18.96414,634.9991
18.9364,635.9981
18.9111,636.9981
18.91573,638.0021
19.00626,638.9991
19.23011,639.9294
19.57793,640.6797
19.84196,641.1108
20.28095,641.7016
20.82783,642.195
21.29905,642.6051
21.91908,643.0968
22.43378,643.5272
22.94235,644.0535
23.45637,644.6365
23.81691,645.126
24.26672,645.8388
24.51584,646.2695
24.95484,647.0236
25.36605,647.812
25.58371,648.2177
26.01281,648.993
26.44546,649.7458
26.70706,650.1754
27.15312,650.9028
27.42859,651.3829
27.94428,652.0396
28.42153,652.6818
28.80072,653.1588
29.28313,653.7603
29.72131,654.2485
30.21465,654.7982
30.7006,655.2944
31.19779,655.7966
31.72841,656.2924
32.22082,656.7512
32.79993,657.2386
33.2814,657.6461
33.9083,658.1232
34.38415,658.4548
35.0396,658.9399
35.74797,659.4072
36.18841,659.6801
36.94173,660.1058
37.70997,660.5659
38.12056,660.7533
38.94037,661.1329
40.12964,661.6676
41.00186,661.9948
41.90297,662.3036
43.08516,662.6888
44.01614,662.9335
44.96839,663.1495
45.937,663.3493
47.06329,663.5555
48.03455,663.691
49.01711,663.7912
50.00761,663.8614
51.00311,663.9069
52.00122,663.9339
53.00049,663.9487
54.00019,663.9561
55.00004,663.9589
55.9999,663.9582
56.99975,663.9543
57.99958,663.9476
58.99943,663.9391
59.99935,663.9299
60.99936,663.9212
61.99944,663.9139
62.99958,663.9084
63.99975,663.9049
64.99992,663.9033
66.00004,663.9031
67.00009,663.9038
68.00011,663.905
69.00014,663.9066
70.00019,663.9085
71.00021,663.9108
72.00018,663.9131
73.00014,663.915
74.00009,663.9164
75.00007,663.9174
76.00005,663.9182
77.00003,663.9188
78.00002,663.9193
79.00003,663.9197
80.00006,663.9204
81.0001,663.9214
82.00015,663.9231
83.00019,663.9253
84.00018,663.9277
85.0001,663.9296
85.99998,663.9302
86.99986,663.9291
87.99981,663.9269
88.99987,663.9249
89.99995,663.9237
90.99997,663.9231
91.9999,663.9222
92.99978,663.9202
93.99969,663.9171
94.99965,663.9133
95.99965,663.9094
96.99968,663.9058
97.99977,663.903
99.00002,663.9021
100.0005,663.9055
101.0013,663.9164
102.0018,663.9387
103.0011,663.9765
103.9977,664.0336
104.9892,664.1147
105.9717,664.2256
106.94,664.3751
108.0814,664.6111
109.0403,664.8392
109.9731,665.0913
111.1792,665.5051
112.0565,665.8618
112.8986,666.2228
114.0844,666.8406
114.8512,667.2596
115.2892,667.523
116.0067,667.9897
116.6723,668.4694
117.1463,668.8024
117.7772,669.2795
118.2616,669.6923
118.8317,670.1835
119.3283,670.6646
119.828,671.1625
120.3222,671.7154
120.7502,672.2032
121.2294,672.8261
121.5763,673.2966
122.0495,673.9677
122.5273,674.6801
122.7828,675.1238
123.1994,675.895
123.8171,677.0835
124.1782,677.9266
124.6635,679.1184
124.9627,680.0114
125.2211,680.9438
125.4951,682.0988
125.6794,683.047
125.8074,684.0196
125.8896,685.0067
125.9306,686.0015
125.9323,686.9988
125.8947,687.994
125.8163,688.9819
125.6925,689.9559
125.4748,691.0949
125.2428,692.0602
124.9907,692.9973
124.7031,693.9012
124.2377,695.0927
123.8881,695.9515
123.4855,696.7524
123.2932,697.1483
122.8806,697.9333
122.4056,698.635
122.1493,699.0967
121.6897,699.7813
121.3357,700.2506
120.8536,700.8824
120.4462,701.3802
119.9363,701.942
119.4773,702.4613
118.9545,702.9531
118.4306,703.4721
117.9186,703.905
117.3218,704.402
116.838,704.785
116.1772,705.2536
115.7162,705.5707
115.0187,706.0308
114.2706,706.4865
113.8508,706.7189
113.059,707.1206
112.2478,707.5383
111.8688,707.7129
111.0409,708.0905
110.2295,708.49
109.8423,708.686
109.0559,709.1014
108.3476,709.5615
107.8974,709.8549
107.2651,710.3276
106.7836,710.7749
106.2938,711.2653
105.8234,711.8715
105.5155,712.3251
105.0965,713.0468
104.7405,713.9076
104.3773,715.0792
104.2035,716.0267
104.0998,717.0071
104.0466,718.0014
104.0256,719.0002
104.021,720
104.0215,721
104.0213,722
104.0193,723.0001
104.0169,724.0001
104.016,725
104.0173,725.9999
104.0197,726.9999
104.0217,727.9999
104.0225,729
104.0218,730
104.02,731.0001
104.0168,732.0001
104.0121,733.0001
104.0061,734.0001
103.9998,735
103.9944,736
103.9909,737
103.9894,738
103.9893,739
103.989,740
103.9867,740.9999
103.9807,741.9998
103.9709,742.9996
103.9587,743.9995
103.9467,744.9994
103.9371,745.9995
103.9305,746.9996
103.9256,747.9997
103.9207,748.9996
103.9155,749.9995
103.9105,750.9996
103.9072,751.9998
103.9063,753.0001
103.9068,754.0001
103.9064,754.9999
103.9024,755.9994
103.8928,756.9987
103.8779,757.9979
103.8607,758.9976
103.8465,759.9983
103.8402,760.9998
103.8435,762.0013
103.8538,763.0019
103.8653,764.0015
103.8734,765.0007
103.8768,766.0001
103.8788,767.0002
103.8847,768.001
103.8994,769.002
103.9262,770.0024
103.9674,771.0016
104.0249,771.9984
104.1011,772.9913
104.199,773.9785
104.3228,774.9571
104.5077,776.0825
104.7077,777.0577
104.9182,778.0186
105.1468,778.962
105.4913,780.1526
105.8098,781.0629
106.1176,781.9576
106.5994,783.1605
106.9678,784.0137
107.3365,784.8475
107.5132,785.2288
107.9325,786.0335
108.3364,786.8229
108.5648,787.2381
109.0101,787.9942
109.4564,788.7224
109.738,789.1645
110.1889,789.8761
110.4855,790.3493
110.9858,791.0099
111.4689,791.6573
111.8251,792.1328
112.3024,792.7615
112.705,793.2435
113.1945,793.8328
113.6343,794.3315
114.1385,794.8687
114.6248,795.3785
115.1331,795.8587
115.6837,796.363
116.1778,796.783
116.8096,797.2607
117.2713,797.5967
117.9815,798.033
119.1506,798.6216
120.02,798.9345
120.9557,799.1883
122.0953,799.4402
123.0554,799.6189
124.0306,799.7638
125.0132,799.8893
125.9997,800.0027
126.9889,800.1083
127.9801,800.2089
128.9728,800.3064
130.0514,800.4096
131.0415,800.5093
132.0331,800.6023
133.0249,800.6898
134.0173,800.7711
135.0107,800.8452
136.0055,800.9117
137.0016,800.9719
137.9984,801.0283
138.9954,801.0838
139.9922,801.1401
140.9892,801.1969
141.987,801.2527
142.9859,801.3054
143.9856,801.3536
144.9854,801.3972
146.0187,801.4389
147.0167,801.478
148.0156,801.5156
149.0149,801.5529
150.0141,801.5906
151.013,801.6285
152.0116,801.6658
153.0099,801.7015
154.0082,801.7349
155.0067,801.7657
156.0056,801.7945
157.0047,801.822
158.004,801.8489
159.0032,801.8752
160.0023,801.8998
161.0016,801.9219
162.001,801.9409
163.0006,801.957
164.0004,801.9717
165.0002,801.9863
166,802.0014
166.9998,802.0165
167.9996,802.0305
168.9996,802.0423
169.9996,802.0516
170.9996,802.0588
171.9996,802.0654
172.9994,802.0728
173.9992,802.0821
174.9989,802.0936
175.9985,802.1069
176.9982,802.1215
177.9979,802.1369
178.9977,802.1526
179.9976,802.1679
180.9976,802.1821
181.9978,802.1948
182.998,802.2057
183.9982,802.2153
184.9983,802.2239
185.9983,802.2319
186.9983,802.2396
187.9983,802.2469
188.9984,802.2539
189.9984,802.2606
190.9985,802.267
191.9985,802.2732
192.9984,802.2792
193.9984,802.2852
194.9983,802.2913
195.9983,802.2972
196.9982,802.3036
197.9977,802.3112
198.9969,802.3207
199.9963,802.3322
200.9963,802.3441
201.9968,802.3549
202.9978,802.363
203.9991,802.3674
205.0006,802.3676
206.002,802.3634
207.0029,802.3561
208.0028,802.3477
209.002,802.3406
210.0009,802.3364
210.9999,802.3352
211.9994,802.3362
212.9996,802.3375
214.0004,802.3376
215.0009,802.3358
216.0007,802.3336
216.9998,802.3333
217.9986,802.336
218.9979,802.3416
219.9979,802.3481
220.9985,802.3537
221.9995,802.3568
223.0004,802.3569
224.0009,802.3549
225.001,802.352
226.0007,802.3495
227.0004,802.3478
228.0001,802.347
228.9998,802.347
229.9995,802.3478
230.9993,802.3492
231.9992,802.3511
232.999,802.3536
233.999,802.3564
234.9991,802.3589
235.9994,802.3608
236.9998,802.3617
238.0003,802.3613
239.0007,802.3598
240.001,802.3574
241.0012,802.3545
242.0014,802.351
243.0016,802.3469
244.0017,802.3422
245.0017,802.337
246.0015,802.3318
247.0013,802.3272
248.001,802.3232
249.0007,802.3201
250.0004,802.3179
251,802.3169
251.9996,802.3174
252.9991,802.3193
253.9988,802.3226
254.9986,802.3269
255.9984,802.3316
256.9984,802.3363
257.9985,802.3408
258.9984,802.3455
259.9981,802.3509
260.9978,802.3575
261.9977,802.3648
262.9979,802.372
263.9983,802.3781
264.9986,802.3831
265.9985,802.3876
266.998,802.3925
267.9977,802.3982
269.003,802.4024
270.002,802.4078
271.0006,802.4108
272.0003,802.4124
273.0006,802.4113
274.0002,802.4103
275.0013,802.41
276.0028,802.4142
277.004,802.4213
278.0043,802.4303
279.0039,802.4394
280.003,802.4474
281.002,802.4532
282.0007,802.4563
283.0006,802.4557
284.0016,802.4529
285.0016,802.449
286.0006,802.4462
287.001,802.4467
288.0026,802.4503
289.0032,802.4559
290.0028,802.4616
291.002,802.4663
292.0011,802.4694
293.0004,802.4711
294,802.4717
294.9999,802.472
296,802.4723
297.0002,802.4729
298.0004,802.4739
299.0005,802.4752
300.0005,802.4764
301.0003,802.4773
302.0003,802.4769
303.0009,802.4762
304.0013,802.4747
305.0014,802.4724
306.0015,802.4695
307.0014,802.466
308.0012,802.4623
309.0009,802.459
310.0005,802.4564
311.0002,802.4547
312.0001,802.4538
313.0001,802.4533
314.0004,802.4528
315.0008,802.4518
316.0011,802.4498
317.0014,802.4468
318.0015,802.4432
319.0013,802.4396
320.0009,802.4367
321.0003,802.4353
322.0005,802.4356
323.0011,802.4374
324.0013,802.4403
325.0012,802.4434
326.001,802.4459
327.0009,802.4476
328.001,802.449
329.0014,802.4509
330.0017,802.4537
331.0015,802.4569
332.001,802.4598
333.0006,802.4619
334.0006,802.4634
335.001,802.4652
336.0013,802.4678
337.0013,802.4707
338.0008,802.4733
339.0002,802.4753
340.0002,802.4769
341.0006,802.4787
342.0012,802.4811
343.0016,802.4842
344.0017,802.4877
345.0018,802.4915
346.0017,802.4952
347.0011,802.4982
348.0001,802.4992
349.0017,802.497
350.0028,802.4918
351.0028,802.4852
352.0018,802.4797
353.0005,802.4769
354.0006,802.4774
355.0012,802.4789
356.0013,802.4813
357.0014,802.4838
358.0016,802.4866
359.0016,802.4895
360.0014,802.4923
361.0009,802.4946
362.0004,802.4961
362.9996,802.4965
363.9998,802.4965
364.9999,802.4963
365.9998,802.4962
367.0004,802.4969
368.0008,802.4985
369.0009,802.5007
370.0008,802.5028
371.0005,802.5045
372.0004,802.5056
373.0005,802.5069
374.0008,802.5085
375.0008,802.5104
376.0006,802.512
377.0004,802.513
378.0004,802.5137
379.0004,802.5142
380.0002,802.5146
381,802.5148
382.0002,802.5151
383.0002,802.5144
384,802.514
385.0003,802.5137
386.0008,802.5151
387.001,802.5173
388.0009,802.5198
389.0005,802.5217
390.0003,802.5229
391.0002,802.5237
392.0004,802.5245
393.0008,802.5258
394.0011,802.5278
395.0012,802.5302
396.0011,802.5325
397.0009,802.5346
398.0007,802.5366
399.0007,802.5385
400.0007,802.5405
401.0008,802.5427
402.0006,802.5446
403.0002,802.5458
404.0002,802.5491
405.0005,802.5481
406.0007,802.5466
407.0008,802.545
408.001,802.5432
409.0013,802.5409
410.0017,802.5378
411.002,802.5341
412.0021,802.5299
413.0022,802.5255
414.0021,802.5212
415.002,802.5172
416.0017,802.5134
417.0013,802.5103
418.0007,802.5078
419,802.5064
419.9997,802.5057
420.9999,802.506
421.9999,802.5064
423,802.5067
424.0001,802.5069
425.0004,802.5073
426.0007,802.5082
427.0009,802.5099
428.0011,802.5123
429.0014,802.5154
430.0019,802.5195
431.0025,802.525
432.003,802.5317
433.003,802.5387
434.0022,802.5447
435.001,802.5483
436.0001,802.5533
437.0004,802.553
438,802.5525
439.0003,802.5492
440.0007,802.5504
441.0009,802.5523
442.0009,802.5544
443.0009,802.5566
444.0009,802.5588
445.0008,802.561
446.0009,802.5632
447.0011,802.5655
448.0013,802.5681
449.0014,802.5709
450.0014,802.574
451.0016,802.5778
452.0022,802.583
453.0029,802.59
454.0032,802.5983
455.003,802.6065
456.0023,802.6135
457.0016,802.6187
458.0014,802.6227
459.0014,802.6265
460.0016,802.6307
461.0018,802.6358
462.0018,802.6413
463.0014,802.6461
464.0004,802.6488
464.999,802.6479
465.9979,802.6435
466.9974,802.6367
467.9977,802.6296
468.9984,802.6239
469.9987,802.6196
470.9987,802.6158
471.9984,802.6117
472.9979,802.6066
473.9974,802.6002
474.9971,802.593
476.0037,802.5941
477.003,802.5865
478.0026,802.58
479.0025,802.5741
480.0021,802.5687
481.0013,802.5645
482.0002,802.5623
483.0003,802.5576
484.0007,802.5586
485.0004,802.564
486.0016,802.5629
487.0027,802.5592
488.003,802.5537
489.0027,802.5475
490.002,802.5417
491.0014,802.537
492.0008,802.5337
493.0003,802.5319
494.0001,802.5298
495.0006,802.5309
496.001,802.5328
497.0014,802.5358
498.0017,802.5393
499.0016,802.5432
500.0013,802.5466
501.0009,802.5492
502.0009,802.5513
503.0011,802.5536
504.0015,802.5567
505.0015,802.5602
506.0013,802.5636
507.001,802.5664
508.0013,802.5692
509.002,802.5731
510.003,802.5792
511.0038,802.5877
512.0042,802.5981
513.004,802.609
514.0031,802.6185
515.0018,802.6252
516.0009,802.6289
517.0005,802.6306
518.001,802.6324
519.0022,802.6366
520.0034,802.6443
521.004,802.6552
522.0038,802.6674
523.0032,802.6789
524.0022,802.6881
525.0012,802.6942
526.0005,802.6974
527.0001,802.6985
528.0001,802.6989
529.0003,802.6995
530.0005,802.701
531.0007,802.7034
532.0009,802.7064
533.0008,802.7093
534.0004,802.7112
534.9997,802.7112
535.999,802.709
536.9985,802.7047
537.9984,802.6995
538.9985,802.6942
539.9989,802.6898
540.9991,802.6865
541.9991,802.6836
542.999,802.6807
543.9989,802.6772
544.9988,802.6734
545.9988,802.6696
546.9988,802.6658
547.9985,802.6614
548.9981,802.6561
549.9979,802.6501
550.998,802.6439
551.9983,802.6382
552.9987,802.6338
553.9994,802.6312
555.0002,802.631
556.0011,802.6331
557.0016,802.6371
558.0017,802.642
559.0014,802.6467
560.001,802.6503
561.0005,802.6526
562.0002,802.654
563.0001,802.6547
564.0004,802.6556
565.0006,802.657
566.0007,802.6591
567.0007,802.6613
568.0006,802.6635
569.0007,802.6658
570.0011,802.6688
571.0013,802.6725
572.0013,802.6767
573.001,802.6804
574.0005,802.6827
575.0002,802.6838
576.0002,802.6846
577.0005,802.6857
578.0006,802.6873
579.0005,802.689
580.0003,802.6903
581,802.6909
581.9996,802.6904
582.9993,802.6888
583.999,802.6862
584.9993,802.6837
586.0002,802.6829
587.001,802.6848
588.0015,802.6888
589.0014,802.6936
590.0011,802.6979
591.0009,802.7012
592.0006,802.7037
593.0005,802.7056
594.0004,802.7071
595.0004,802.7084
596.0005,802.7098
597.0006,802.7115
598.0004,802.713
598.9999,802.7132
599.9992,802.7114
600.9988,802.708
601.9988,802.7041
602.9994,802.7013
604,802.7003
605.0003,802.7008
606.0001,802.7015
606.9998,802.7014
607.9995,802.7003
608.9996,802.6989
609.9999,802.6982
611.0004,802.6988
612.0007,802.7006
613.0009,802.7032
614.0009,802.7062
615.0007,802.7089
616.0005,802.711
617.0002,802.7123
618.0001,802.7131
619.0004,802.7141
620.0009,802.7165
621.0014,802.7208
622.0018,802.7268
623.0018,802.7338
624.0016,802.7407
625.0012,802.7463
626.0007,802.7502
627.0005,802.7528
628.0005,802.7548
629.0005,802.7569
630.0005,802.7592
631.0005,802.7618
632.0006,802.7645
633.0007,802.7675
634.0007,802.7708
635.0007,802.774
636.0007,802.7773
637.0007,802.7806
638.0007,802.7839
639.0005,802.7867
640.0001,802.788
640.9995,802.787
641.999,802.7836
642.9987,802.7783
643.9987,802.7722
644.999,802.767
645.9996,802.7638
647.0001,802.7629
648.0003,802.7637
649.0001,802.7645
649.9998,802.7641
650.9993,802.7619
651.9991,802.7584
652.9992,802.7548
653.9998,802.7527
655.0005,802.7534
656.0011,802.7568
657.0015,802.7625
658.0016,802.7694
659.0016,802.7769
660.0015,802.7843
661.0014,802.7914
662.001,802.7971
663.0004,802.8002
663.9997,802.8003
664.9992,802.7976
665.9991,802.7933
666.9993,802.7892
667.9997,802.7866
669.0004,802.7869
670.0012,802.7906
671.0017,802.7978
672.0018,802.8067
673.0013,802.8147
674.0004,802.8193
674.9998,802.8199
675.9995,802.8179
676.9996,802.8156
678.0001,802.8149
679.0004,802.816
680.0005,802.8185
681.0006,802.8215
682.0005,802.8245
683.0004,802.827
684.0002,802.8286
685.0001,802.8295
686.0002,802.8306
687.0004,802.8325
688.0005,802.8351
689.0004,802.8379
690.0004,802.8403
691.0004,802.8427
692.0006,802.846
693.0009,802.8508
694.0009,802.8569
695.0009,802.8633
696.0007,802.8691
697.0005,802.8741
698.0005,802.8787
699.0005,802.8829
700.0004,802.8868
701.0003,802.8901
702.0002,802.8928
703.0002,802.8951
704.0002,802.8974
705.0002,802.8997
706.0001,802.9016
707,802.9023
707.9999,802.9016
708.9998,802.8997
709.9997,802.897
710.9997,802.8939
711.9996,802.8907
712.9996,802.8876
713.9997,802.8846
714.9998,802.8823
715.9999,802.881
717.0001,802.8808
718.0002,802.8819
719.0004,802.8843
720.0006,802.8887
721.0009,802.8959
722.0012,802.9068
723.0013,802.9221
724.0012,802.9415
725.0008,802.9627
726.0003,802.9812
727.0001,802.9916
727.9999,802.991
728.9997,802.9805
729.9994,802.9649
730.9993,802.95
731.9996,802.9395
732.9999,802.9347
734.0001,802.9343
735.0002,802.9369
736.0002,802.9408
737.0002,802.945
738.0002,802.9488
739.0001,802.9516
740.0001,802.9534
741.0001,802.9549
742.0001,802.9567
743.0001,802.959
744.0001,802.9615
745.0001,802.9636
746.0001,802.965
747,802.9659
748,802.9664
749,802.9669
750,802.9675
751.0001,802.9683
752.0001,802.9694
753.0001,802.9708
754.0001,802.9724
755.0001,802.9742
756.0001,802.977
757.0001,802.9809
758.0001,802.9858
759.0001,802.9912
760,802.9961
761,802.9996
762,803.0016
763,803.0028
764,803.0044
765,803.0071
765.9999,803.0113
766.9999,803.0163
767.9999,803.0215
768.9999,803.0261
769.9999,803.0295
770.9999,803.0319
771.9999,803.0334
772.9999,803.0346
773.9999,803.0358
774.9999,803.0374
775.9999,803.0392
776.9999,803.0411
777.9999,803.0431
778.9999,803.0448
779.9999,803.046
780.9999,803.0469
781.9999,803.0477
782.9999,803.0485
783.9999,803.0498
784.9999,803.0515
785.9999,803.0535
786.9998,803.056
787.9998,803.059
788.9998,803.0624
789.9998,803.0659
790.9998,803.0688
791.9999,803.0709
792.9999,803.0727
793.9999,803.0745
794.9998,803.0768
795.9998,803.0792
796.9998,803.0815
797.9998,803.0836
798.9998,803.0856
799.9999,803.0874
800.9999,803.0889
802,803.0897
803,803.09
803.9999,803.0904
804.9998,803.0917
805.9996,803.0945
806.9994,803.0994
807.999,803.1072
808.9984,803.1191
809.9976,803.1354
810.9969,803.1547
811.9973,803.1728
812.9988,803.184
814.001,803.1845
815.0024,803.1747
816.0026,803.1593
817.002,803.1439
818.0012,803.1323
819.0004,803.1259
819.9999,803.1243
820.9995,803.1265
821.9993,803.1312
822.999,803.1378
823.9987,803.1459
824.9982,803.1566
825.9974,803.1705
826.9967,803.1876
827.9969,803.2045
828.9984,803.2162
830.0005,803.2191
831.0021,803.2134
832.0023,803.2031
833.0017,803.1928
834.001,803.1853
835.0005,803.1807
836.0002,803.1781
836.9999,803.1775
837.9995,803.1792
838.9989,803.1838
839.9981,803.1925
840.9969,803.2058
841.9958,803.2236
842.9955,803.2432
843.9968,803.2595
844.9996,803.2668
846.0023,803.2629
847.0035,803.2507
848.003,803.2363
849.0016,803.2253
850.0003,803.2203
850.9995,803.2205
851.9993,803.2233
852.9995,803.2264
853.9996,803.2289
854.9996,803.231
855.9994,803.2334
856.9991,803.2368
857.999,803.2411
858.999,803.2458
859.999,803.2505
860.999,803.2551
861.9988,803.2598
862.9986,803.265
863.9986,803.2704
864.9988,803.2754
865.9991,803.2793
866.9996,803.2818
867.9999,803.283
869,803.2833
870.0001,803.2831
871.0002,803.2825
872.0004,803.2811
873.0007,803.2788
874.0009,803.2756
875.0009,803.2721
876.0006,803.2693
877.0001,803.2679
877.9997,803.2684
878.9995,803.27
879.9995,803.2723
880.9996,803.2742
881.9999,803.2753
883.0003,803.2751
884.0005,803.2737
885.0006,803.2715
886.0005,803.2695
887.0002,803.2683
888,803.2681
888.9998,803.2686
889.9996,803.2699
890.9994,803.2719
891.9993,803.2746
892.9991,803.2776
893.9992,803.2808
894.9993,803.2836
895.9993,803.2861
896.9991,803.2886
897.9989,803.2917
898.9987,803.2955
899.9986,803.2999
900.9986,803.3049
901.9987,803.31
902.9991,803.3143
903.9997,803.317
905.0002,803.3176
906.0005,803.3166
907.0005,803.3148
908.0005,803.3128
909.0003,803.3115
909.9999,803.3112
910.9994,803.3124
911.9989,803.3151
912.9985,803.3192
913.9984,803.324
914.9982,803.3293
915.9982,803.3347
916.9984,803.3399
917.9988,803.3443
918.9992,803.3475
919.9995,803.3496
920.9995,803.3513
921.9993,803.3534
922.9991,803.3561
923.9988,803.3597
924.9986,803.364
925.9983,803.369
926.998,803.3747
927.9977,803.3811
928.9976,803.388
929.9976,803.3947
930.9979,803.4008
932.0022,803.4045
933.0019,803.4091
934.002,803.4134
935.0024,803.4184
936.0024,803.4238
937.0018,803.4286
938.0007,803.4313
939.0009,803.4314
939.9993,803.4296
940.9998,803.4277
942.0007,803.4272
943.0015,803.4288
944.0019,803.432
945.0019,803.436
946.0018,803.4399
947.0015,803.4434
948.0009,803.446
949.0002,803.4474
949.9997,803.4478
950.9995,803.4474
952.0003,803.446
953.0005,803.4449
954,803.4448
955.0006,803.4449
956.0016,803.4471
957.0025,803.4516
958.0029,803.4578
959.0026,803.4643
960.0021,803.4697
961.0018,803.4739
962.002,803.4778
963.0024,803.4822
964.0025,803.4875
965.002,803.4926
966.001,803.4963
967,803.4976
968.001,803.4967
969.0008,803.4951
970.0005,803.4952
971.0022,803.4984
972.0038,803.5053
973.0045,803.5148
974.0038,803.5244
975.0021,803.5315
976,803.5345
977.0013,803.5352
978.0024,803.5301
979.0025,803.5239
980.0018,803.5188
981.0007,803.5161
982.0007,803.5154
983.0015,803.5178
984.0018,803.5215
985.0015,803.5251
986.001,803.528
987.0006,803.5298
988.0006,803.5316
989.001,803.5338
990.0015,803.5371
991.0017,803.5412
992.0017,803.5456
993.0017,803.5501
994.0018,803.5547
995.002,803.5598
996.0023,803.5654
997.0026,803.5716
998.0027,803.5784
999.0029,803.5855
1000.003,803.5928
1001.003,803.5998
1002.002,803.6059
1003.002,803.6106
1004.001,803.6141
1005.001,803.6176
1006.002,803.6223
1007.003,803.6288
1008.003,803.6368
1009.003,803.6456
1010.003,803.6544
1011.003,803.6632
1012.003,803.6719
1013.002,803.6799
1014.002,803.6861
1015.001,803.6896
1016,803.6902
1017,803.6889
1018,803.6877
1019.001,803.6891
1020.002,803.6949
1021.003,803.7045
1022.003,803.7159
1023.002,803.7264
1024.001,803.734
1025.001,803.7385
1026,803.7411
1027.001,803.7438
1028.001,803.7482
1029.002,803.7551
1030.002,803.7635
1031.002,803.7724
1032.002,803.7806
1033.001,803.7879
1034.001,803.795
1035.002,803.803
1036.002,803.8124
1037.002,803.8229
1038.002,803.8329
1039.001,803.841
1040.001,803.8462
1041,803.8492
1042,803.8519
1043.001,803.8557
1044.001,803.8615
1045.001,803.8689
1046.001,803.8768
1047.001,803.8843
1048.001,803.8905
1049,803.895
1050,803.8983
1051,803.9012
1052,803.905
1053.001,803.9104
1054.001,803.9178
1055.001,803.9265
1056,803.935
1057,803.9421
1058,803.9473
1059,803.9511
1060,803.9546
1061,803.9587
1062,803.9638
1063,803.9702
1064,803.9777
1065,803.9855
1066,803.9934
1067,804.0009
1068,804.0079
1069,804.0141
1070,804.0195
1071,804.0246
1072,804.0303
1073,804.0376
1074,804.047
1074.999,804.0582
1075.999,804.0703
1076.999,804.0818
1077.999,804.0911
1079,804.0965
1080,804.0979
1081,804.0966
1082,804.0945
1083,804.0927
1084,804.0901
1085,804.0854
1086.001,804.0778
1087.001,804.069
1088,804.0617
1089,804.058
1090,804.0582
1091,804.0605
1092,804.0629
1093,804.0638
1094,804.063
1095,804.0613
1096,804.0596
1097,804.0587
1098,804.0585
1099,804.0591
1100,804.0602
1101,804.0616
1102,804.0634
1103,804.0656
1104,804.0684
1105,804.0713
1106,804.0734
1107,804.0739
1108,804.073
1109,804.0715
1110,804.0704
1111,804.0702
1112,804.0706
1113,804.0709
1114,804.0707
1115,804.0697
1116,804.0677
1117,804.0649
1118,804.0617
1119,804.0586
1120,804.0561
1121,804.054
1122,804.0515
1123,804.0473
1124,804.0404
1125,804.0308
1126,804.019
1127,804.0057
1128,803.9914
1129,803.9756
1129.999,803.9579
1130.999,803.9381
1131.998,803.916
1132.997,803.8918
1133.996,803.8656
1134.995,803.8375
1135.994,803.8076
1136.993,803.7751
1137.991,803.7394
1138.988,803.6998
1139.985,803.6559
1140.982,803.6086
1142.026,803.5607
1143.024,803.504
1144.022,803.4473
1145.021,803.3888
1146.019,803.3266
1147.017,803.2601
1148.013,803.1905
1149.008,803.1193
1150.003,803.0474
1150.998,802.974
1151.992,802.8969
1152.984,802.8138
1153.975,802.7234
1154.965,802.626
1156.049,802.5129
1157.039,802.4003
1158.029,802.2916
1159.019,802.1839
1160.008,802.0743
1160.995,801.9598
1161.979,801.8366
1162.957,801.6987
1164.091,801.5053
1165.064,801.2869
1166.011,801.0371
1166.898,800.7361
1168.081,800.1433
1168.801,799.7093
1169.272,799.3654
1169.89,798.8699
1170.402,798.4499
1170.928,797.9256
1171.454,797.4512
1171.922,796.9255
1172.441,796.4022
1172.874,795.8898
1173.376,795.319
1173.786,794.8262
1174.27,794.2117
1174.649,793.7366
1175.121,793.0871
1175.437,792.6148
1175.924,791.9504
1176.385,791.2371
1176.658,790.799
1177.086,790.0479
1177.544,789.2872
1177.746,788.8711
1178.138,788.0659
1178.562,787.2529
1178.716,786.8771
1179.069,786.0275
1179.547,784.838
1179.865,783.9559
1180.149,783.0445
1180.504,781.8694
1180.758,780.9423
1180.974,779.9944
1181.171,779.033
1181.358,778.061
1181.557,776.937
1181.695,775.9642
1181.803,774.9817
1181.885,773.992
1181.944,772.9973
1181.983,771.9995
1182.004,771.0001
1182.013,770.0001
1182.016,769
1182.018,768.0001
1182.021,767.0001
1182.025,766.0001
1182.028,765.0001
1182.03,764
1182.029,762.9999
1182.026,761.9999
1182.021,760.9999
1182.016,759.9999
1182.011,758.9999
1182.009,758
1182.009,757
1182.01,756
1182.013,755.0001
1182.015,754.0001
1182.018,753.0001
1182.02,752.0001
1182.023,751.0001
1182.025,750.0001
1182.027,749.0001
1182.029,748.0001
1182.032,747.0001
1182.035,746.0001
1182.037,745.0001
1182.039,744
1182.039,743
1182.038,741.9999
1182.038,741
1182.04,740.0001
1182.043,739.0002
1182.048,738.0003
1182.055,737.0004
1182.063,736.0005
1182.071,735.0006
1182.079,734.0006
1182.087,733.0006
1182.093,732.0005
1182.099,731.0005
1182.102,730.0002
1182.102,728.9998
1182.097,727.9993
1182.088,726.9991
1182.078,725.9992
1182.069,724.9994
1182.061,723.9995
1182.052,722.9995
1182.038,721.9993
1182.012,720.9996
1181.962,720.0024
1181.873,719.0142
1181.724,718.0494
1181.409,716.8707
1181.062,715.9731
1180.674,715.187
1180.389,714.7395
1179.895,714.088
1179.449,713.5592
1178.916,713.099
1178.293,712.598
1177.826,712.2746
1177.089,711.8411
1175.906,711.199
1175.084,710.8184
1173.892,710.2274
1173.082,709.8369
1171.902,709.1746
1171.156,708.7437
1170.707,708.4573
1170.013,707.9809
1169.387,707.4839
1168.895,707.132
1168.304,706.6437
1167.814,706.2053
1167.279,705.7135
1166.786,705.2062
1166.317,704.7146
1165.826,704.1464
1165.433,703.6581
1164.944,703.0411
1164.436,702.376
1164.152,701.9055
1163.717,701.1595
1163.488,700.7411
1163.068,699.9677
1162.546,698.7745
1162.175,697.9346
1161.861,697.0469
1161.47,695.8627
1161.197,694.95
1160.975,694.0052
1160.791,693.0352
1160.642,692.0428
1160.532,690.9642
1160.476,689.9882
1160.467,688.9948
1160.501,687.9769
1160.576,686.9642
1160.69,685.9607
1160.843,684.9727
1161.032,684.0071
1161.266,683.0719
1161.656,681.8857
1161.978,680.9915
1162.327,680.1394
1162.493,679.7711
1162.905,678.9524
1163.315,678.1731
1163.564,677.7477
1164.018,677.0114
1164.496,676.3353
1164.81,675.8648
1165.282,675.2156
1165.674,674.7354
1166.163,674.1426
1166.618,673.6437
1167.122,673.122
1167.646,672.6189
1168.144,672.1663
1168.74,671.6778
1169.219,671.2897
1169.873,670.8194
1170.342,670.5163
1171.024,670.0397
1171.775,669.5969
1172.191,669.3596
1172.978,668.9548
1174.167,668.4115
1175.024,668.0689
1175.93,667.7723
1177.105,667.4202
1178.04,667.1877
1179,667.0026
1179.98,666.8517
1180.973,666.7311
1181.975,666.6408
1183.024,666.585
1184.012,666.5462
1185.005,666.5275
1186.001,666.5208
1187.001,666.5193
1188.001,666.5211
1189.001,666.5227
1190,666.5234
1191,666.5234
1192,666.5235
1193.001,666.5247
1194.001,666.527
1195.001,666.53
1196.001,666.5329
1197.001,666.5353
1198.001,666.5368
1199,666.5376
1200,666.5379
1201,666.5382
1202.001,666.5391
1203.001,666.5408
1204.001,666.543
1205.001,666.5449
1206,666.546
1207,666.5465
1208.001,666.5474
1209.001,666.549
1210.001,666.5511
1211.001,666.5531
1212,666.5542
1213,666.5546
1214,666.5544
1215,666.5544
1216,666.5549
1217.001,666.556
1218.001,666.5577
1219.001,666.5598
1220,666.5661
1221,666.5668
1222.001,666.5657
1223.002,666.5632
1224.002,666.5602
1225.001,666.5579
1226,666.5533
1227.001,666.554
1228,666.5596
1229,666.5615
1230,666.5626
1231.001,666.5627
1232.001,666.562
1233.001,666.5605
1234.003,666.5563
1235.008,666.5442
1236.016,666.517
1237.025,666.4674
1238.031,666.3907
1239.032,666.2864
1240.022,666.1561
1241,666.0009
1241.962,665.8176
1243.137,665.5411
1244.073,665.2534
1244.99,664.9695
1246.207,664.5443
1247.067,664.1584
1247.903,663.7921
1249.088,663.1644
1249.851,662.7448
1250.297,662.4857
1251.004,662.0055
1251.679,661.536
1252.145,661.2021
1252.797,660.7316
1253.277,660.3513
1253.882,659.8585
1254.39,659.4469
1254.934,658.9285
1255.462,658.4775
1255.945,657.9465
1256.474,657.4397
1256.906,656.9179
1257.415,656.3438
1257.808,655.8491
1258.287,655.2133
1258.641,654.7453
1259.104,654.0694
1259.866,652.919
1260.304,652.1741
1260.551,651.7525
1260.979,650.989
1261.408,650.2191
1261.642,649.8028
1262.075,649.0444
1262.555,648.3676
1262.862,647.8964
1263.343,647.2979
1263.815,646.8112
1264.305,646.3588
1264.915,645.8834
1265.412,645.5756
1266.054,645.0781
1266.716,644.6008
1267.158,644.153
1267.578,643.6696
1267.976,642.9883
1268.312,642.0851
1268.532,640.9792
1268.582,640.0016
1268.588,638.9969
1268.566,637.9908
1268.54,636.9902
1268.515,635.9902
1268.489,634.9899
1268.462,633.9893
1268.433,632.989
1268.402,631.9888
1268.369,630.9888
1268.332,629.9888
1268.292,628.9889
1268.249,627.9896
1268.203,626.9911
1268.158,625.9933
1268.116,624.9955
1268.078,623.9973
1268.045,622.9985
1268.013,621.9996
1267.981,621.0006
1267.948,620.0018
1267.913,619.003
1267.879,618.004
1267.847,617.0047
1267.818,616.0048
1267.793,615.0044
1267.773,614.0041
1267.755,613.004
1267.738,612.0043
1267.721,611.0045
1267.706,610.004
1267.695,609.0026
1267.69,608.0007
1267.69,606.9989
1267.695,605.9979
1267.702,604.9982
1267.705,603.9997
1267.704,603.0014
1267.697,602.0025
1267.688,601.0028
1267.679,600.0029
1267.669,599.0033
1267.658,598.0039
1267.646,597.0042
1267.635,596.0037
1267.625,595.0032
1267.616,594.0034
1267.605,593.0045
1267.599,591.9919
1267.582,590.9924
1267.567,589.9941
1267.555,588.9961
1267.547,587.9974
1267.542,586.998
1267.538,585.9987
1267.536,584.9995
1267.534,583.9998
1267.535,582.9995
1267.536,581.9995
1267.539,581.0001
1267.54,579.9996
1267.539,578.9995
1267.538,577.9996
1267.538,577.0002
1267.537,575.9993
1267.54,574.9982
1267.546,573.9974
1267.553,572.9968
1267.561,571.9966
1267.57,570.9966
1267.578,569.9972
1267.584,568.9981
1267.588,567.999
1267.591,566.9994
1267.593,565.9991
1267.596,564.9986
1267.6,563.9982
1267.605,562.9982
1267.61,561.9984
1267.614,560.9988
1267.616,559.9992
1267.618,558.9998
1267.617,558.0005
1267.615,557.001
1267.612,556.0012
1267.61,555.0004
1267.612,553.9985
1267.619,552.9961
1267.634,551.9936
1267.656,550.9917
1267.684,549.9907
1267.717,548.9908
1267.75,547.9919
1267.781,546.9938
1267.806,545.996
1267.822,544.9981
1267.827,544.0001
1267.82,543.0021
1267.804,542.004
1267.782,541.0051
1267.759,540.0051
1267.74,539.004
1267.728,538.0021
1267.724,537.0002
1267.725,535.9988
1267.732,534.998
1267.74,533.9978
1267.748,532.9982
1267.754,531.9987
1267.76,530.9988
1267.766,529.9984
1267.774,528.9979
1267.783,527.9981
1267.789,526.9993
1267.788,526.0012
1267.778,525.003
1267.763,524.0043
1267.744,523.0047
1267.727,522.0043
1267.712,521.0038
1267.698,520.0037
1267.685,519.0039
1267.673,518.004
1267.662,517.0031
1267.655,516.0012
1267.655,514.9987
1267.662,513.9967
1267.674,512.9958
1267.687,511.996
1267.699,510.9971
1267.706,509.9986
1267.709,509
1267.708,508.0011
1267.703,507.0018
1267.697,506.0018
1267.693,505.0009
1267.693,503.9993
1267.699,502.9973
1267.713,501.9953
1267.734,500.9938
1267.76,499.9933
1267.788,498.9941
1267.813,497.996
1267.83,496.9979
1267.84,495.9991
1267.848,494.9989
1267.859,493.9979
1267.879,492.9971
1267.903,491.9974
1267.927,490.9984
1267.945,489.9993
1267.955,488.9997
1267.96,487.9999
1267.963,486.9999
1267.967,485.9998
1267.973,484.9998
1267.982,483.9998
1267.994,482.9999
1268.007,482.0001
1268.019,481.0002
1268.026,480.0001
1268.026,478.9999
1268.023,477.9999
1268.02,477
1268.021,476.0001
1268.026,475.0002
1268.029,474
1268.025,472.9998
1268.01,471.9998
1267.986,471.0004
1267.958,470.0012
1267.93,469.002
1267.904,468.0023
1267.882,467.0022
1267.866,466.0018
1267.854,465.0014
1267.846,464.001
1267.841,463.0005
1267.84,461.9997
1267.844,460.999
1267.851,459.9988
1267.856,458.9994
1267.857,458.0005
1267.85,457.0015
1267.838,456.0021
1267.826,455.002
1267.816,454.0014
1267.811,453.0007
1267.808,452.0001
1267.81,450.9995
1267.814,449.999
1267.821,448.9986
1267.829,447.9986
1267.835,446.9991
1267.838,445.9999
1267.836,445.0008
1267.83,444.0013
1267.823,443.0013
1267.818,442.0006
1267.817,440.9995
1267.823,439.9986
1267.832,438.9981
1267.844,437.998
1267.857,436.9982
1267.87,435.9985
1267.88,434.999
1267.885,433.9997
1267.884,433.0005
1267.877,432.0011
1267.867,431.0015
1267.857,430.0015
1267.848,429.0011
1267.843,428.0005
1267.842,426.9997
1267.846,425.9991
1267.853,424.9988
1267.863,423.9986
1267.873,422.9986
1267.883,421.9989
1267.89,420.9994
1267.893,419.9999
1267.892,419.0004
1267.887,418.0007
1267.881,417.0008
1267.874,416.0008
1267.868,415.0008
1267.862,414.0007
1267.857,413.0005
1267.855,412.0001
1267.856,410.9997
1267.859,409.9994
1267.864,408.9992
1267.871,407.999
1267.881,406.9988
1267.892,405.9987
1267.902,404.9991
1267.908,403.9998
1267.905,403.0008
1267.893,402.0018
1267.874,401.0025
1267.855,400.0026
1267.839,399.0022
1267.827,398.0016
1267.819,397.0013
1267.812,396.0011
1267.807,395.001
1267.802,394.0009
1267.798,393.0006
1267.796,392.0003
1267.795,390.9999
1267.796,389.9997
1267.797,388.9997
1267.798,387.9999
1267.799,387.0001
1267.798,386.0003
1267.795,385.0008
1267.789,384.0013
1267.782,383.0017
1267.775,382.0016
1267.769,381.001
1267.766,380.0001
1267.767,378.9994
1267.771,377.9991
1267.773,376.9995
1267.774,376.0002
1267.771,375.001
1267.765,374.0017
1267.757,373.0023
1267.746,372.003
1267.732,371.0038
1267.716,370.0048
1267.698,369.0056
1267.678,368.0062
1267.658,367.0064
1267.639,366.0061
1267.624,365.005
1267.612,364.0034
1267.605,363.0016
1267.603,362
1267.604,360.999
1267.609,359.9981
1267.616,358.997
1267.627,357.9955
1267.642,356.9939
1267.662,355.9928
1267.687,354.9923
1267.713,353.9923
1267.742,352.9927
1267.771,351.9935
1267.799,350.9946
1267.825,349.9958
1267.848,348.9968
1267.867,347.9977
1267.883,346.9984
1267.895,345.999
1267.902,344.9995
1267.905,343.9999
1267.903,343.0003
1267.898,342.0006
1267.892,341.0006
1267.889,340.0002
1267.89,338.9995
1267.898,337.9988
1267.912,336.9985
1267.929,335.9987
1267.946,334.9991
1267.961,333.9995
1267.972,332.9997
1267.982,331.9998
1267.992,330.9999
1268.001,330
1268.007,329
1268.007,328
1267.998,327
1267.98,326.0005
1267.951,325.0016
1267.913,324.0037
1267.862,323.0077
1267.785,322.0179
1267.652,321.05
1267.318,319.8856
1266.943,319.031
1266.529,318.3773
1266.133,317.8847
1265.658,317.3592
1265.141,316.8593
1264.64,316.3432
1264.181,315.8455
1263.698,315.2262
1263.355,314.761
1262.901,314.0601
1262.428,313.3276
1262.193,312.8915
1261.77,312.1302
1261.531,311.6906
1261.056,310.9658
1260.606,310.2535
1260.298,309.8014
1259.833,309.1169
1259.507,308.6306
1258.996,308.0034
1258.496,307.4055
1258.107,306.911
1257.615,306.3358
1257.171,305.8448
1256.679,305.3038
1256.19,304.8118
1255.698,304.311
1255.167,303.8194
1254.677,303.3645
1254.106,302.8744
1253.615,302.4784
1253.013,301.9833
1252.385,301.4662
1251.896,301.1518
1251.2,300.6905
1250.755,300.3967
1250.025,299.9559
1249.266,299.5014
1248.853,299.2903
1248.045,298.9027
1246.857,298.3618
1245.99,298.029
1245.091,297.7195
1243.908,297.3246
1242.982,297.0699
1242.036,296.8425
1240.888,296.5963
1239.938,296.4069
1238.969,296.2669
1237.987,296.1667
1236.995,296.0999
1235.998,296.0602
1235,296.0398
1234,296.0325
1233,296.0345
1232,296.0433
1231.001,296.0564
1230.001,296.0698
1229,296.0793
1228,296.0824
1227,296.0792
1225.999,296.0723
1225,296.0642
1224,296.0562
1223,296.0485
1222,296.0411
1221,296.0344
1220,296.0293
1219,296.0262
1218,296.0253
1217,296.0257
1216,296.026
1215,296.025
1214,296.0222
1213,296.0178
1212,296.0122
1211,296.0059
1210,295.9994
1209,295.9932
1208,295.9875
1207,295.9824
1206,295.9775
1205,295.9732
1204,295.9701
1203,295.9685
1202,295.9685
1201,295.9691
1200,295.9697
1199,295.9691
1198,295.9666
1197,295.9615
1196,295.9539
1195.001,295.9441
1194.001,295.9336
1193.001,295.9238
1192,295.9164
1191,295.9129
1190,295.9157
1188.999,295.9266
1187.999,295.9447
1186.999,295.9636
1186,295.9717
1185.001,295.9574
1184.005,295.9151
1183.013,295.8461
1182.024,295.7549
1181.041,295.6419
1179.93,295.4769
1178.945,295.2974
1177.979,295.0919
1177.042,294.8522
1175.843,294.4462
1174.96,294.0985
1174.118,293.7394
1173.73,293.5642
1172.933,293.1275
1172.166,292.7094
1171.73,292.4464
1171.012,291.9821
1170.358,291.4962
1169.878,291.16
1169.265,290.6786
1168.779,290.2514
1168.226,289.7608
1167.733,289.2658
1167.241,288.7729
1166.751,288.2209
1166.317,287.7331
1165.833,287.132
1165.471,286.6467
1164.983,286.0122
1164.495,285.3257
1164.211,284.8701
1163.78,284.1245
1163.56,283.6978
1163.124,282.9398
1162.747,282.1091
1162.241,280.9142
1161.947,280.0161
1161.687,279.0774
1161.415,277.9248
1161.25,276.9668
1161.135,275.9876
1161.06,274.9965
1161.014,273.9995
1160.993,273.0001
1160.997,272
1161.032,271.0016
1161.105,270.0098
1161.224,269.0323
1161.442,267.8815
1161.698,266.919
1161.973,265.9912
1162.406,264.7659
1162.803,263.9127
1163.182,263.0891
1163.839,261.9088
1164.272,261.1663
1164.562,260.7177
1165.035,260.0239
1165.536,259.3971
1165.879,258.9052
1166.368,258.3103
1166.8,257.82
1167.292,257.2824
1167.797,256.7896
1168.289,256.3198
1168.857,255.8298
1169.346,255.4372
1169.961,254.9471
1170.621,254.4391
1171.095,254.1484
1171.828,253.707
1172.256,253.4592
1173.015,253.0289
1173.823,252.6267
1174.204,252.4423
1175.023,252.0532
1175.865,251.686
1176.237,251.5267
1177.054,251.1127
1177.849,250.7142
1178.283,250.4697
1178.99,249.9854
1179.587,249.4998
1180.069,249.0696
1180.509,248.5807
1180.981,247.987
1181.451,247.2409
1181.651,246.8416
1181.99,245.9966
1182.268,245.0671
1182.524,243.9264
1182.664,242.9661
1182.75,241.9854
1182.798,240.994
1182.822,239.9975
1182.835,238.9984
1182.844,237.9987
1182.851,236.9993
1182.852,236.0002
1182.849,235.0008
1182.846,234.0004
1182.848,232.9993
1182.854,231.9987
1182.861,230.9993
1182.863,230.0003
1182.859,229.001
1182.853,228.0008
1182.849,227.0002
1182.847,226.0002
1182.844,225.0009
1182.836,224.0017
1182.825,223.0022
1182.813,222.002
1182.804,221.0015
1182.797,220.0011
1182.791,219.0012
1182.784,218.0016
1182.777,217.0018
1182.77,216.0015
1182.765,215.0008
1182.763,213.9999
1182.766,212.9991
1182.77,211.9987
1182.775,210.9988
1182.779,209.9993
1182.781,208.9999
1182.781,208.0002
1182.78,207.0002
1182.779,206.0001
1182.779,204.9999
1182.78,203.9998
1182.781,202.9998
1182.782,201.9999
1182.783,200.9998
1182.785,199.9997
1182.785,198.9999
1182.784,198.0004
1182.782,197.0008
1182.778,196.0007
1182.777,194.9999
1182.78,193.9989
1182.786,192.9983
1182.792,191.9989
1182.792,191.0009
1182.779,190.0046
1182.745,189.0112
1182.683,188.0232
1182.582,186.9359
1182.428,185.9378
1182.254,184.9549
1182.066,183.9865
1181.863,183.0308
1181.582,181.8531
1181.297,180.9188
1181.028,179.9917
1180.748,179.0805
1180.314,177.8895
1179.986,177.0054
1179.645,176.1431
1179.499,175.7912
1179.105,174.953
1178.727,174.1313
1178.54,173.7309
1178.095,172.9496
1177.677,172.1826
1177.423,171.7525
1176.965,171.0216
1176.497,170.3332
1176.188,169.8709
1175.723,169.2026
1175.358,168.7269
1174.869,168.1059
1174.474,167.5989
1173.953,167.0418
1173.422,166.5456
1172.982,166.0181
1172.496,165.4763
1171.96,165.0445
1171.411,164.5223
1170.901,164.1198
1170.302,163.6242
1169.817,163.2345
1169.178,162.759
1168.71,162.4098
1168.029,161.9532
1167.273,161.482
1166.865,161.2846
1166.026,160.9317
1164.858,160.541
1163.939,160.2946
1162.982,160.1095
1162.006,159.9593
1161.021,159.8283
1160.033,159.7071
1158.941,159.5816
1157.956,159.4673
1156.968,159.3672
1155.978,159.2786
1154.986,159.2002
1153.992,159.1317
1152.996,159.0728
1151.999,159.0208
1151.001,158.9711
1150.004,158.919
1149.008,158.8619
1148.012,158.8009
1147.015,158.7395
1146.016,158.6812
1145.017,158.6277
1143.975,158.5778
1142.977,158.5261
1141.977,158.4735
1140.978,158.418
1139.98,158.3602
1138.983,158.3024
1137.987,158.2467
1136.991,158.1948
1135.994,158.148
1134.996,158.1074
1133.998,158.074
1132.999,158.0473
1132,158.0256
1131,158.0056
1130,157.9857
1129.001,157.9662
1128.001,157.948
1127.001,157.9307
1126.002,157.9119
1125.003,157.8895
1124.004,157.8641
1123.004,157.8385
1122.004,157.8154
1121.004,157.7954
1120.003,157.7777
1119.003,157.762
1118.002,157.7495
1117.001,157.7417
1116,157.739
1115,157.7395
1114,157.7398
1113.002,157.7354
1112.004,157.7235
1111.006,157.7045
1110.007,157.6818
1109.006,157.6601
1108.005,157.6424
1107.004,157.6286
1106.004,157.6165
1105.004,157.6049
1103.995,157.5974
1102.996,157.5883
1101.998,157.5829
1100.999,157.5806
1099.999,157.5795
1098.998,157.5777
1097.998,157.5744
1096.998,157.5704
1095.998,157.5668
1094.998,157.5633
1093.997,157.5581
1092.995,157.5493
1091.995,157.537
1090.995,157.5232
1089.995,157.5102
1088.996,157.4991
1087.995,157.4877
1086.992,157.4724
1085.989,157.4502
1084.988,157.4224
1083.991,157.3957
1082.996,157.3786
1082.002,157.3759
1081.006,157.3863
1080.007,157.4029
1078.994,157.4123
1077.996,157.4242
1076.997,157.4315
1075.998,157.4361
1074.999,157.4386
1074,157.4423
1072.999,157.4404
1071.999,157.4371
1070.998,157.4324
1069.996,157.4244
1068.993,157.4095
1067.99,157.3856
1066.989,157.3551
1065.991,157.3255
1064.997,157.3066
1064.003,157.3049
1063.008,157.3204
1062.01,157.3464
1061.009,157.3734
1060.006,157.394
1059.002,157.4054
1058,157.4092
1057,157.4018
1055.999,157.4024
1054.997,157.4066
1053.995,157.4143
1052.996,157.423
1051.998,157.4296
1051,157.4323
1049.999,157.4353
1048.999,157.4319
1047.998,157.4277
1046.999,157.4233
1045.999,157.4195
1044.999,157.4168
1044,157.4097
1042.999,157.4109
1041.999,157.4131
1041,157.415
1040,157.4156
1039,157.4204
1037.999,157.4188
1036.999,157.4172
1036,157.4097
1035,157.4096
1033.999,157.4106
1032.999,157.4124
1031.999,157.4141
1031,157.4205
1029.999,157.4191
1028.998,157.4155
1027.998,157.4106
1026.998,157.406
1025.999,157.4031
1025,157.4026
1024.001,157.4043
1023.001,157.4072
1021.999,157.4025
1020.999,157.4044
1020,157.4119
1019,157.4115
1018,157.4107
1016.999,157.4094
1015.999,157.4077
1014.999,157.4054
1013.999,157.4027
1012.999,157.3993
1011.998,157.3947
1010.998,157.389
1009.998,157.3833
1008.999,157.3793
1008.001,157.3789
1007.002,157.3823
1006.003,157.3883
1005.002,157.3947
1004.001,157.3992
1003,157.4004
1001.999,157.398
1000.998,157.3923
999.9963,157.3832
998.9946,157.37
997.9935,157.3528
996.994,157.3345
995.9967,157.3205
995.0004,157.3157
994.003,157.3202
993.0033,157.3293
992.0016,157.3365
991.0001,157.3395
990.0004,157.3409
989.0022,157.3451
988.0038,157.3539
987.004,157.365
986.0029,157.3748
985.0015,157.3812
984.0005,157.3845
983.0002,157.3863
982.0001,157.3879
981,157.3896
979.9999,157.3915
979.0001,157.3938
978.0009,157.3976
977.0019,157.4035
975.9933,157.4034
974.9936,157.4138
973.9952,157.4232
972.9979,157.4298
972.0014,157.4322
970.9988,157.4338
969.9969,157.4249
968.9958,157.4117
967.996,157.3973
966.9972,157.3852
965.9984,157.377
964.999,157.3722
963.999,157.369
962.9989,157.3661
961.9987,157.3624
960.9977,157.3565
959.9952,157.3449
958.991,157.3219
957.987,157.2828
956.9865,157.2293
955.9904,157.1731
954.996,157.1324
954.001,157.1223
953.0062,157.1463
952.011,157.194
951.0125,157.2473
950.0098,157.2908
949.0057,157.3182
948.0023,157.3315
947.0004,157.336
945.9997,157.3362
944.9995,157.3349
943.9994,157.3331
942.9993,157.3312
941.9993,157.3293
940.9996,157.3277
939.9998,157.3268
938.9998,157.3263
937.9996,157.3253
936.999,157.3229
935.9987,157.3191
934.9984,157.3142
933.9984,157.3089
932.9984,157.3034
931.9986,157.2984
930.9992,157.2948
930.0001,157.2936
929.0009,157.295
928.001,157.298
927.0005,157.3005
925.9997,157.3008
924.9988,157.2984
923.9984,157.2939
922.9985,157.2888
921.999,157.2844
920.9992,157.281
919.9992,157.278
918.999,157.2747
917.9991,157.2711
916.9993,157.268
915.9997,157.266
914.9998,157.2647
913.9996,157.2634
912.9993,157.2613
911.9991,157.2581
910.9988,157.254
909.9985,157.2487
908.9985,157.2426
907.9987,157.2367
906.9993,157.2325
906.0001,157.2313
905.0007,157.2327
904.0007,157.2355
903.0004,157.2379
901.9999,157.2387
900.9995,157.2373
899.9992,157.2344
898.9991,157.2307
897.9992,157.2271
896.9994,157.224
895.9995,157.2216
894.9995,157.2194
893.9994,157.2169
892.9993,157.2139
891.9994,157.2108
890.9996,157.2081
889.9996,157.2061
888.9996,157.204
887.9993,157.2011
886.9991,157.1969
885.999,157.192
884.9991,157.1869
883.9993,157.1824
882.9994,157.1786
881.9995,157.1754
880.9995,157.1724
879.9996,157.1698
878.9998,157.1678
877.9999,157.1667
876.9999,157.1662
875.9999,157.1657
874.9998,157.1647
873.9996,157.1627
872.9995,157.1595
871.9993,157.1555
870.9994,157.1512
869.9996,157.1476
868.9998,157.1453
867.9999,157.1441
866.9999,157.1431
865.9996,157.1413
864.9995,157.1381
863.9995,157.1342
862.9996,157.1305
861.9997,157.1276
860.9997,157.1252
859.9996,157.1223
858.9994,157.1178
857.999,157.1105
856.9988,157.0999
855.9988,157.0867
854.9991,157.0738
853.9997,157.0657
853.0002,157.0652
852.0007,157.0721
851.001,157.0831
850.0009,157.094
849.0006,157.1019
848.0002,157.1058
846.9999,157.1064
845.9997,157.1047
844.9997,157.1019
843.9998,157.099
842.9998,157.0965
841.9998,157.0944
840.9999,157.0928
839.9999,157.0918
839.0001,157.0917
838.0001,157.0922
837.0001,157.0927
835.9999,157.0925
834.9998,157.0912
833.9997,157.0887
832.9997,157.0851
831.9997,157.0812
830.9997,157.077
829.9997,157.0727
828.9996,157.0677
827.9996,157.0614
826.9996,157.0541
825.9996,157.0466
824.9998,157.0402
823.9999,157.0356
822.9999,157.0327
821.9999,157.0308
820.9999,157.0291
819.9999,157.0272
818.9999,157.0247
817.9999,157.0219
816.9999,157.0188
815.9999,157.0155
814.9999,157.0121
814,157.009
813,157.0064
812,157.0047
811,157.0039
810,157.0033
809,157.0023
808,157.0008
807,156.999
806,156.9974
805,156.9961
804,156.9952
803,156.9945
802,156.9938
801,156.9929
800,156.9913
799,156.989
798.0001,156.9861
797.0001,156.983
796.0001,156.9807
795,156.9798
794,156.9801
793,156.981
792,156.9815
791,156.9812
790.0001,156.9799
789.0001,156.9777
788.0001,156.975
787.0001,156.9718
786.0001,156.9682
785.0001,156.9643
784.0002,156.9599
783.0002,156.9555
782.0002,156.9517
781.0001,156.9489
780.0001,156.9475
779,156.9469
778,156.9465
777.0001,156.9458
776.0001,156.9444
775.0001,156.9423
774.0002,156.9395
773.0002,156.9364
772.0002,156.9334
771.0001,156.9311
770.0001,156.9294
769.0001,156.9283
768.0001,156.9274
767.0001,156.9267
766.0001,156.9256
765.0001,156.9242
764.0002,156.9222
763.0002,156.9194
762.0003,156.9163
761.0002,156.9132
760.0002,156.9106
759.0002,156.9086
758.0002,156.9068
757.0002,156.905
756.0002,156.903
755.0002,156.9009
754.0002,156.8989
753.0002,156.8972
752.0001,156.8956
751.0001,156.8942
750.0002,156.8929
749.0002,156.8914
748.0002,156.8896
747.0002,156.8876
746.0003,156.885
745.0004,156.8821
744.0003,156.8793
743.0002,156.8769
742.0002,156.875
741.0001,156.8737
740.0001,156.8728
739.0001,156.8723
738,156.872
737,156.872
736,156.8721
735,156.8721
734,156.8721
733.0001,156.872
732.0001,156.8717
731.0001,156.8714
730.0001,156.8711
729.0001,156.8707
728.0001,156.8703
727.0001,156.8699
726.0001,156.8694
725.0001,156.869
724.0001,156.8684
723.0001,156.8676
722.0002,156.8662
721.0003,156.8643
720.0003,156.862
719.0003,156.8596
718.0002,156.8577
717.0001,156.8563
716.0001,156.8557
715,156.8557
714,156.8558
713.0001,156.8557
712.0001,156.8554
711,156.8551
709.9999,156.8552
708.9999,156.8554
708.0001,156.8554
707.0002,156.8547
706.0002,156.8532
705.0002,156.8515
704.0001,156.8503
702.9999,156.8499
701.9999,156.8499
701.0001,156.8494
700.0004,156.8473
699.0008,156.8432
698.0009,156.838
697.0008,156.8327
696.0006,156.8284
695.0006,156.8247
694.0007,156.821
693.0007,156.817
692.0007,156.8129
691.0005,156.8095
690.0004,156.8069
689.0005,156.8044
688.0006,156.8016
687.0007,156.7982
686.0007,156.7945
685.0007,156.7908
684.0008,156.787
683.0009,156.7828
682.001,156.7781
681.0009,156.7735
680.0005,156.7698
679.0001,156.7678
677.9999,156.7675
676.9999,156.768
676.0002,156.768
675.0007,156.7663
674.0012,156.7621
673.0016,156.7559
672.0016,156.7488
671.001,156.743
670,156.7405
668.9991,156.742
667.9987,156.7462
666.999,156.7509
665.9995,156.7542
664.9999,156.7557
664,156.7559
663.0001,156.7558
662.0001,156.7555
661.0001,156.7551
660.0002,156.7544
659.0004,156.7532
658.0005,156.7515
657.0005,156.7494
656.0005,156.7474
655.0004,156.7455
654.0005,156.7435
653.0005,156.7413
652.0005,156.7391
651.0004,156.7372
650.0001,156.7363
648.9999,156.7364
647.9999,156.7368
647.0002,156.7366
646.0006,156.7349
645.0008,156.7321
644.0006,156.7293
643.0001,156.7278
641.9996,156.7282
640.9995,156.7301
639.9996,156.732
639.0001,156.7328
638.0005,156.7318
637.0007,156.7295
636.0009,156.7265
635.001,156.723
634.0011,156.719
633.0013,156.7142
632.0016,156.7085
631.0017,156.7021
630.0015,156.6961
629.001,156.6915
628.0003,156.689
626.9999,156.6883
625.9998,156.6886
625.0001,156.6888
624.0002,156.6885
623.0003,156.6877
622.0002,156.6868
621.0001,156.686
620.0003,156.6848
619.0007,156.6827
618.0012,156.6794
617.0016,156.6748
616.0019,156.6693
615.002,156.6633
614.0016,156.6578
613.0012,156.6536
612.0007,156.6509
611.0005,156.6491
610.0005,156.6474
609.0005,156.6456
608.0004,156.6442
607,156.6436
605.9999,156.6436
605.0002,156.6433
604.0004,156.6423
603.0005,156.6409
602.0002,156.6397
600.9998,156.6398
599.9991,156.6417
598.9987,156.6451
597.9985,156.6493
596.9988,156.6533
595.9996,156.6557
595.0004,156.6557
594.0012,156.6531
593.0016,156.6484
592.0018,156.6425
591.0018,156.6365
590.0015,156.6312
589.0012,156.6268
588.001,156.6233
587.0009,156.6203
586.0007,156.6178
585.0004,156.616
584,156.6152
582.9999,156.6152
582.0003,156.6149
581.0012,156.613
580.0018,156.6093
579.0018,156.6048
578.0012,156.6012
577.0004,156.5994
576,156.5991
575,156.5992
574.0003,156.5986
573.0006,156.5971
571.9982,156.5982
570.9982,156.5952
569.9984,156.5923
568.9985,156.5894
567.9984,156.5863
566.998,156.5825
565.9976,156.5777
564.9976,156.5724
563.9979,156.5675
562.9984,156.5635
561.9989,156.5606
560.9992,156.5585
559.9993,156.5568
558.999,156.5548
557.9982,156.5517
556.9974,156.5471
555.9971,156.5415
554.9974,156.5359
553.9982,156.5313
552.999,156.5284
551.9996,156.5269
551,156.5262
550,156.526
549.0002,156.5262
547.9998,156.5267
546.9998,156.5272
545.9999,156.5275
545,156.5275
543.9997,156.5271
542.999,156.5258
541.9984,156.5233
540.9982,156.52
539.9985,156.5169
538.9993,156.5149
537.9997,156.515
536.9991,156.5168
535.9988,156.5198
534.9988,156.5233
533.9991,156.5262
532.9998,156.5276
531.9993,156.5271
530.9988,156.5251
529.9988,156.5226
528.9993,156.5204
527.9996,156.5191
526.9998,156.5184
525.9996,156.5179
524.9992,156.5167
523.9987,156.5145
522.9982,156.511
521.9979,156.5066
520.9981,156.5019
519.9987,156.498
518.9995,156.4956
518,156.4946
516.9999,156.4944
515.9998,156.4943
514.9994,156.4934
513.9991,156.4918
512.9993,156.4901
511.9995,156.4885
510.9998,156.4876
510.0001,156.4875
508.9997,156.4876
507.9995,156.4886
506.9997,156.4895
506.0002,156.4897
504.9995,156.489
503.999,156.487
502.9987,156.4843
501.9987,156.4813
500.9989,156.4785
499.9993,156.4763
498.9996,156.475
497.9998,156.4743
496.9996,156.4735
495.9993,156.4721
494.9989,156.4699
493.9985,156.4668
492.9983,156.4631
491.9981,156.4589
490.9981,156.4544
489.9982,156.4499
488.9984,156.4456
487.9986,156.4419
486.999,156.4389
485.9995,156.4369
484.9999,156.4358
484.0003,156.4314
483.0003,156.4312
481.9998,156.4348
480.9994,156.4336
479.9991,156.4315
478.9989,156.4288
477.9989,156.4259
476.999,156.4233
475.9991,156.421
474.9993,156.4191
473.9995,156.4175
472.9996,156.4161
471.9997,156.4149
470.9997,156.4137
469.9995,156.4123
468.9994,156.4108
467.9993,156.4091
466.9993,156.4073
465.9995,156.4058
464.9997,156.4046
463.9998,156.4037
462.9997,156.4028
461.9993,156.4014
460.9989,156.3988
459.9985,156.3953
458.9984,156.391
457.9984,156.3865
456.9986,156.3822
455.9988,156.3784
454.9992,156.3755
453.9996,156.3738
453,156.3733
452.0003,156.3737
451.0002,156.3744
449.9999,156.3745
448.9994,156.3734
447.9991,156.3711
446.999,156.3682
445.999,156.3652
444.999,156.3622
443.9989,156.3591
442.9989,156.3558
441.999,156.3526
440.9991,156.3496
439.9991,156.3467
438.9988,156.3433
437.9985,156.3393
436.9984,156.3347
435.9986,156.3301
434.9988,156.326
433.999,156.3224
432.9986,156.3185
431.9978,156.3127
430.997,156.3044
429.9968,156.294
428.9974,156.284
427.9986,156.2766
426.9995,156.2724
425.9996,156.2701
424.9992,156.2674
423.9986,156.2631
422.9985,156.2578
421.9989,156.2527
420.9994,156.2492
419.9997,156.2471
418.9995,156.2453
417.9991,156.2423
416.9986,156.2374
415.9984,156.2309
414.9987,156.2246
413.9994,156.2204
413.0002,156.2196
412.0008,156.2219
411.0011,156.226
410.0009,156.2302
409.0005,156.2332
408.0001,156.2343
406.9998,156.2339
405.9996,156.2325
404.9995,156.2306
403.9994,156.2283
402.9995,156.2259
401.9996,156.2238
400.9997,156.2219
399.9997,156.2202
398.9995,156.2182
397.9995,156.2158
396.9994,156.2132
395.9995,156.2106
394.9995,156.208
393.9995,156.2054
392.9995,156.2029
391.9996,156.2006
390.9996,156.1986
389.9997,156.1969
388.9996,156.1951
387.9995,156.193
386.9994,156.1902
385.9994,156.1872
384.9996,156.1844
383.9998,156.1827
383.0001,156.1824
382.0002,156.1832
381,156.1836
379.9997,156.1827
378.9993,156.1799
377.9991,156.1757
376.9991,156.1706
375.9991,156.1654
374.9992,156.1602
373.9992,156.1551
372.9992,156.1499
371.9993,156.1446
370.9994,156.1398
369.9995,156.1358
368.9996,156.1326
367.9996,156.1296
366.9995,156.1261
365.9993,156.121
364.9991,156.114
363.9991,156.1058
362.9992,156.0974
361.9995,156.0903
360.9997,156.0856
359.9999,156.0834
359,156.0826
357.9999,156.0817
356.9998,156.0794
355.9996,156.0753
354.9995,156.0692
353.9995,156.0615
352.9995,156.0529
351.9997,156.0449
350.9998,156.0391
350,156.0368
349.0001,156.038
348.0002,156.0414
347.0002,156.0454
346.0002,156.049
345.0001,156.0513
344,156.0519
342.9999,156.0507
341.9998,156.0477
340.9998,156.0436
339.9998,156.0392
338.9999,156.0354
337.9999,156.0327
337,156.0312
336,156.0302
335,156.0292
333.9999,156.0277
332.9999,156.0256
331.9999,156.0229
330.9999,156.0195
329.9999,156.0153
328.9999,156.0105
328,156.0056
327,156.0013
326,155.9981
325,155.9962
324,155.9954
323,155.9953
322,155.9953
321,155.9948
320,155.9935
319,155.9916
318,155.9896
317,155.9879
316,155.9861
315.0001,155.9838
314.0001,155.9803
313.0001,155.9761
312.0001,155.9716
311.0001,155.9674
310.0001,155.9636
309.0002,155.9598
308.0002,155.9554
307.0003,155.9503
306.0003,155.9449
305.0003,155.9395
304.0003,155.9342
303.0003,155.9293
302.0003,155.9249
301.0003,155.921
300.0003,155.9175
299.0003,155.914
298.0003,155.9106
297.0003,155.9069
296.0004,155.9031
295.0005,155.8989
294.0005,155.8942
293.0005,155.8893
292.0005,155.8849
291.0003,155.8815
290.0003,155.879
289.0003,155.8766
288.0004,155.8736
287.0005,155.8702
286.0004,155.8669
285.0003,155.8644
284.0002,155.8627
283.0001,155.8617
282.0002,155.8607
281.0002,155.8595
280.0003,155.8579
279.0004,155.8556
278.0005,155.8526
277.0006,155.8491
276.0005,155.8457
275.0003,155.8431
274.0002,155.8416
273,155.8409
